{
  "placeholderImages": [
    {
      "id": "speaker-1",
      "description": "Portrait of a female ecologist in a forest.",
      "imageUrl": "https://images.unsplash.com/photo-1593104547489-5cfb3839a3b5?crop=entropy&cs=tinysrgb&fit=max&fm=jpg&ixid=M3w3NDE5ODJ8MHwxfHNlYXJjaHwxfHxmZW1hbGUlMjBlY29sb2dpc3QlMjBwb3J0cmFpdHxlbnwwfHx8fDE3MjM3NDM1OTR8MA&ixlib=rb-4.0.3&q=80&w=1080",
      "imageHint": "female ecologist"
    },
    {
      "id": "speaker-2",
      "description": "Portrait of a male data scientist.",
      "imageUrl": "https://images.unsplash.com/photo-1629904853716-f0bc64eea48d?crop=entropy&cs=tinysrgb&fit=max&fm=jpg&ixid=M3w3NDE5ODJ8MHwxfHNlYXJjaHwxfHxtYWxlJTIwZGF0YSUyMHNjaWVudGlzdCUyMHBvcnRyYWl0fGVufDB8fHx8fDE3MjM3NDM2MDV8MA&ixlib=rb-4.0.3&q=80&w=1080",
      "imageHint": "male data scientist"
    },
    {
      "id": "speaker-3",
      "description": "Portrait of a female community organizer.",
      "imageUrl": "https://images.unsplash.com/photo-1531844251246-9a1bfaae09fc?crop=entropy&cs=tinysrgb&fit=max&fm=jpg&ixid=M3w3NDE5ODJ8MHwxfHNlYXJjaHwxfHxmZW1hbGUlMjBjb21tdW5pdHklMjBvcmdhbml6ZXIlMjBwb3J0cmFpdHxlbnwwfHx8fDE3MjM3NDM2MTh8MA&ixlib=rb-4.0.3&q=80&w=1080",
      "imageHint": "female organizer"
    },
    {
      "id": "speaker-4",
      "description": "Portrait of an asian male software engineer.",
      "imageUrl": "https://images.unsplash.com/photo-1556157382-97eda2d62296?crop=entropy&cs=tinysrgb&fit=max&fm=jpg&ixid=M3w3NDE5ODJ8MHwxfHNlYXJjaHwxfHxtYWxlJTIwZW5naW5lZXIlMjBwb3J0cmFpdHxlbnwwfHx8fDE3MjM3NDM2Mjl8MA&ixlib=rb-4.0.3&q=80&w=1080",
      "imageHint": "male engineer"
    },
    {
      "id": "event-1",
      "description": "A conference room during a presentation about climate change.",
      "imageUrl": "https://images.unsplash.com/photo-1560439514-e960a3ef50d9?crop=entropy&cs=tinysrgb&fit=max&fm=jpg&ixid=M3w3NDE5ODJ8MHwxfHNlYXJjaHwxfHxjb25mZXJlbmNlJTIwY2xpbWF0ZSUyMGNoYW5nZXxlbnwwfHx8fDE3MjM3NDM2NDF8MA&ixlib=rb-4.0.3&q=80&w=1080",
      "imageHint": "conference climate"
    },
    {
      "id": "event-2",
      "description": "An elegant gala event focused on fundraising.",
      "imageUrl": "https://images.unsplash.com/photo-1527529482837-4698179dc6ce?crop=entropy&cs=tinysrgb&fit=max&fm=jpg&ixid=M3w3NDE5ODJ8MHwxfHNlYXJjaHwxfHxmdW5kcmFpc2luZyUyMGdhbGF8ZW58MHx8fHwxNzIzNzQzNjUzfDA&ixlib=rb-4.0.3&q=80&w=1080",
      "imageHint": "fundraising gala"
    },
    {
      "id": "event-3",
      "description": "People working on laptops in a hackathon setting.",
      "imageUrl": "https://images.unsplash.com/photo-1587825140708-df876c1d3df1?crop=entropy&cs=tinysrgb&fit=max&fm=jpg&ixid=M3w3NDE5ODJ8MHwxfHNlYXJjaHwxfHxoYWNrYXRob258ZW58MHx8fHwxNzIzNzQzNjY0fDA&ixlib=rb-4.0.3&q=80&w=1080",
      "imageHint": "hackathon event"
    },
    {
      "id": "event-4",
      "description": "Volunteers cleaning up a park.",
      "imageUrl": "https://images.unsplash.com/photo-1618479122302-ad4217345862?crop=entropy&cs=tinysrgb&fit=max&fm=jpg&ixid=M3w3NDE5ODJ8MHwxfHNlYXJjaHwxfHxjb21tdW5pdHklMjBjbGVhbnVwfGVufDB8fHx8fDE3MjM3NDM2NzR8MA&ixlib=rb-4.0.3&q=80&w=1080",
      "imageHint": "community cleanup"
    },
    {
      "id": "sponsor-1",
      "description": "Abstract green tech logo.",
      "imageUrl": "https://images.unsplash.com/photo-1611117775531-e95b355225a9?crop=entropy&cs=tinysrgb&fit=max&fm=jpg&ixid=M3w3NDE5ODJ8MHwxfHNlYXJjaHwxfHxncmVlbiUyMHRlY2glMjBsb2dvfGVufDB8fHx8fDE3MjM3NDM2ODZ8MA&ixlib=rb-4.0.3&q=80&w=1080",
      "imageHint": "green tech"
    },
    {
      "id": "sponsor-2",
      "description": "Abstract logo with a leaf and circuitry.",
      "imageUrl": "https://images.unsplash.com/photo-1622363635743-4246949f5383?crop=entropy&cs=tinysrgb&fit=max&fm=jpg&ixid=M3w3NDE5ODJ8MHwxfHNlYXJjaHwxfHxlY28lMjBpbm5vdmF0ZSUyMGxvZ298ZW58MHx8fHwxNzIzNzQzNjk2fDA&ixlib=rb-4.0.3&q=80&w=1080",
      "imageHint": "eco innovate"
    },
    {
      "id": "sponsor-3",
      "description": "Logo with a simple tree.",
      "imageUrl": "https://images.unsplash.com/photo-1608315197380-92a8389d3a77?crop=entropy&cs=tinysrgb&fit=max&fm=jpg&ixid=M3w3NDE5ODJ8MHwxfHNlYXJjaHwxfHxuYXR1cmUlMjBsb2dvfGVufDB8fHx8fDE3MjM3NDM3MDd8MA&ixlib=rb-4.0.3&q=80&w=1080",
      "imageHint": "nature logo"
    },
    {
      "id": "sponsor-4",
      "description": "Abstract globe logo.",
      "imageUrl": "https://images.unsplash.com/photo-1601737487748-44483b633b3a?crop=entropy&cs=tinysrgb&fit=max&fm=jpg&ixid=M3w3NDE5ODJ8MHwxfHNlYXJjaHwxfHxnbG9iZSUyMGxvZ298ZW58MHx8fHwxNzIzNzQzNzE5fDA&ixlib=rb-4.0.3&q=80&w=1080",
      "imageHint": "globe logo"
    },
    {
      "id": "about-focus",
      "description": "A researcher holding a plant specimen in a lab.",
      "imageUrl": "https://images.unsplash.com/photo-1532342323497-8581d6a55c27?crop=entropy&cs=tinysrgb&fit=max&fm=jpg&ixid=M3w3NDE5ODJ8MHwxfHNlYXJjaHwxfHxlbnZpcm9ubWVudGFsJTIwcmVzZWFyY2h8ZW58MHx8fHwxNzI0MDc2MTYxfDA&ixlib=rb-4.0.3&q=80&w=1080",
      "imageHint": "environmental research"
    },
    {
      "id": "about-vision",
      "description": "An image showing a city skyline integrated with green spaces.",
      "imageUrl": "https://images.unsplash.com/photo-1617294254877-de359a35a6a6?crop=entropy&cs=tinysrgb&fit=max&fm=jpg&ixid=M3w3NDE5ODJ8MHwxfHNlYXJjaHwxfHxmdXR1cmlzdGljJTIwZ3JlZW4lMjBjaXR5fGVufDB8fHx8fDE3MjQwNzYxODZ8MA&ixlib=rb-4.0.3&q=80&w=1080",
      "imageHint": "green city"
    },
    {
      "id": "team-1",
      "description": "Portrait of a confident female leader in an office.",
      "imageUrl": "https://images.unsplash.com/photo-1573496359142-b8d87734a5a2?crop=entropy&cs=tinysrgb&fit=max&fm=jpg&ixid=M3w3NDE5ODJ8MHwxfHNlYXJjaHwxfHxmZW1hbGUlMjBjZW8lMjBwb3J0cmFpdHxlbnwwfHx8fDE3MjQwNzYyMTF8MA&ixlib=rb-4.0.3&q=80&w=1080",
      "imageHint": "female leader"
    },
    {
      "id": "team-2",
      "description": "Portrait of a male engineer in a server room.",
      "imageUrl": "https://images.unsplash.com/photo-1581092440716-243d047b3a72?crop=entropy&cs=tinysrgb&fit=max&fm=jpg&ixid=M3w3NDE5ODJ8MHwxfHNlYXJjaHwxfHxtYWxlJTIwZW5naW5lZXIlMjBwb3J0cmFpdCUyMHNlcnZlcnxlbnwwfHx8fDE3MjQwNzYyMzB8MA&ixlib=rb-4.0.3&q=80&w=1080",
      "imageHint": "male engineer"
    },
    {
      "id": "team-3",
      "description": "Portrait of a female researcher in a lab coat.",
      "imageUrl": "https://images.unsplash.com/photo-1576086213369-97a306d36557?crop=entropy&cs=tinysrgb&fit=max&fm=jpg&ixid=M3w3NDE5ODJ8MHwxfHNlYXJjaHwxfHxmZW1hbGUlMjByZXNlYXJjaGVyJTIwbGFifGVufDB8fHx8fDE3MjQwNzYyNDl8MA&ixlib=rb-4.0.3&q=80&w=1080",
      "imageHint": "female researcher"
    },
    {
      "id": "team-4",
      "description": "Portrait of a male designer sketching at a desk.",
      "imageUrl": "https://images.unsplash.com/photo-1558643323-8874a5d0034a?crop=entropy&cs=tinysrgb&fit=max&fm=jpg&ixid=M3w3NDE5ODJ8MHwxfHNlYXJjaHwxfHxtYWxlJTIwZGVzaWduZXIlMjBwb3J0cmFpdHxlbnwwfHx8fDE3MjQwNzYyNjh8MA&ixlib=rb-4.0.3&q=80&w=1080",
      "imageHint": "male designer"
    },
    {
      "id": "gallery-group-1",
      "description": "A diverse group of friends laughing together outdoors.",
      "imageUrl": "https://images.unsplash.com/photo-1530046644990-3433b17169fe?crop=entropy&cs=tinysrgb&fit=max&fm=jpg&ixid=M3w3NDE5ODJ8MHwxfHNlYXJjaHwxfHxncm91cCUyMGZyaWVuZHMlMjBsYXVnaGluZ3xlbnwwfHx8fDE3MjQxNjU0NTh8MA&ixlib=rb-4.0.3&q=80&w=1080",
      "imageHint": "friends laughing"
    },
    {
      "id": "gallery-group-2",
      "description": "A team of colleagues collaborating around a table in a modern office.",
      "imageUrl": "https://images.unsplash.com/photo-1522202176988-66273c2fd55f?crop=entropy&cs=tinysrgb&fit=max&fm=jpg&ixid=M3w3NDE5ODJ8MHwxfHNlYXJjaHwxfHx0ZWFtJTIwY29sbGFib3JhdGlvbnxlbnwwfHx8fDE3MjQxNjU0NzZ8MA&ixlib=rb-4.0.3&q=80&w=1080",
      "imageHint": "team collaboration"
    },
    {
      "id": "gallery-group-3",
      "description": "A multi-generational family having a picnic in a sunny park.",
      "imageUrl": "https://images.unsplash.com/photo-1594902334182-35a098906a6d?crop=entropy&cs=tinysrgb&fit=max&fm=jpg&ixid=M3w3NDE5ODJ8MHwxfHNlYXJjaHwxfHxmYW1pbHklMjBwaWNuaWN8ZW58MHx8fHwxNzI0MTY1NDkxfDA&ixlib=rb-4.0.3&q=80&w=1080",
      "imageHint": "family picnic"
    },
    {
      "id": "gallery-group-4",
      "description": "A large, energetic crowd at an outdoor music festival.",
      "imageUrl": "https://images.unsplash.com/photo-1514525253161-7a46d19cd819?crop=entropy&cs=tinysrgb&fit=max&fm=jpg&ixid=M3w3NDE5ODJ8MHwxfHNlYXJjaHwxfHxmZXN0aXZhbCUyMGNyb3dkfGVufDB8fHx8fDE3MjQxNjU1MDJ8MA&ixlib=rb-4.0.3&q=80&w=1080",
      "imageHint": "festival crowd"
    },
    {
      "id": "gallery-group-5",
      "description": "A group of volunteers in matching shirts working together at a community event.",
      "imageUrl": "https://images.unsplash.com/photo-1531206715517-5c0ba140b2b8?crop=entropy&cs=tinysrgb&fit=max&fm=jpg&ixid=M3w3NDE5ODJ8MHwxfHNlYXJjaHwxfHx2b2x1bnRlZXJzJTIwd29ya2luZ3xlbnwwfHx8fDE3MjQxNjU1MTN8MA&ixlib=rb-4.0.3&q=80&w=1080",
      "imageHint": "volunteers working"
    },
    {
      "id": "gallery-group-6",
      "description": "A sports team in a huddle, celebrating a victory on the field.",
      "imageUrl": "https://images.unsplash.com/photo-1521412644187-c49fa049e8be?crop=entropy&cs=tinysrgb&fit=max&fm=jpg&ixid=M3w3NDE5ODJ8MHwxfHNlYXJjaHwxfHx0ZWFtJTIwY2VsZWJyYXRpb258ZW58MHx8fHwxNzI0MTY1NTI4fDA&ixlib=rb-4.0.3&q=80&w=1080",
      "imageHint": "team celebration"
    }
  ]
}